{
    "Verbove": [47.42715820148525, 35.993227515995116],
    "Novoprokpivka": [47.42007357799707, 35.83204818357518],
    "Verkhnokamianske": [48.86031047029195, 38.19493521365386],
    "Stepne":[47.79801604503044, 37.54542645951626],
    "Novokarlivka": [47.51206143646601, 36.047346469438466],
    "Novomykhailivka": [47.86112290094899, 37.475205180099884],
    "Tokmak": [47.249763675188326, 35.710465948922064],
    "Andriivka": [48.50136505061068, 37.96627336559781],
    "Bilohorivka": [48.92430395329745, 38.24630824172003],
    "Horlivka": [48.30951394934905, 38.03027647186864],
    "Pryyutne": [47.72644155273341, 36.67545294924309],
    "Synkivka": [49.76635843177985, 37.707859791968296],
    "Kupiansk": [49.707306680325324, 37.601664340704474],
    "Zarichne": [49.02121007355168, 37.94053861173093],
    "Ivanivka": [49.66326494941792, 37.88824723998971],
    "Lyman Pershyi": [49.79057397761196, 37.7074307072656],
    "Urozhaine": [47.746926842720306, 36.819616056381264],
    "Kyslivka": [49.63937109330979, 37.91416060722087],
    "Tabaivka": [49.596470070892686, 37.877931393354466],
    "Berestove": [48.75582095808379, 38.25236599888488],
    "Antonovskiy Bridge": [46.665510710321, 32.72060044175039],
    "Zolotarivka": [48.876457644366816, 38.268674748293115],
    "Myrne": [47.57791533853472, 36.115528979650755],
    "Malynivka": [47.670705004422906, 36.47729351405882],
    "Izmail": [45.340947168676735, 28.905144951268586],
    "Klischchiivka": [48.527462395165905, 37.9590288278318],
    "Staromaiorske": [47.75326995502527, 36.79861715131323],
    "Karmazynivka": [49.31057504797943, 38.03494004722232],
    "Novovodiane": [49.27071680843916, 38.02189730309755],
    "Opytne": [48.096196761482176, 37.720154957592875],
    "Spirne": [48.80895099767905, 38.25001896250802],
    "nsleak1": [55.556917268787195, 15.746835501088608],
    "nsleak2": [54.887547868782164, 15.38900009036478],
    "nordstream2": [[55.57624289450912, 15.915994058885326], [55.554281956188746, 15.800743173353496], [55.527050392671484, 15.689210058322693], [55.325888197656845, 15.674338976318586], [55.12648287770784, 15.539569795656364], [54.891061618913426, 15.389929532990037], [54.834841616813264, 15.295126385213853]],
    "nordstream1": [[55.59996070789513, 15.927147370388408], [55.58414883230446, 15.843497534115304], [55.567458519180974, 15.743117730587581], [55.54461914332778, 15.664115107440763], [55.474344140702584, 15.553511435035215], [55.41197507587272, 15.434542779002358], [55.38825726248671, 15.395506188741576], [55.27845257088484, 15.350892942729255], [55.17128319188141, 15.305350254091678], [54.94464630841514, 15.20311156531344], [54.88139880605246, 14.954950384369903], [54.838355366944526, 14.785791826573185]],
    "dnipro1": [[46.654070193363644, 32.780622542546425],
		[46.76126689499018, 33.435213981723145],
		[47.038688499943184, 33.74554263869207],
		[47.491270597908986, 34.05714338987601],
		[47.531569677124025, 34.78139972644914],
		[47.58917377429602, 35.129823905756126],
		[48.15633385468796, 35.223658146910374],
		[48.490508264702754, 34.81442263059328],
		[48.82267791091834, 34.19176914893817],
		[49.05262179405025, 33.443225855370414],
		[49.48406043506149, 32.16582451737702],
		[49.76346913226657, 31.513001741775366],
		[50.0167266680487, 31.43507594456012],
		[50.15549885374164, 30.780431575697097],
		[50.75630820449093, 30.480069700410585],
		[51.27272324181187, 30.589196482865816]],
   "fortifications": [[[50.43651601698633, 37.21295447972148],[50.466246274560476, 37.256887933615424],[50.499452103967734, 37.388688295297335],[50.50818660259058, 37.49852193003221],[50.469742723755154, 37.564422110873146],[50.42251884281916, 37.539709543057796],[50.3734961443035, 37.600118042162016],[50.30162141750976, 37.723680881238764],[50.240178884797025, 37.718189199502014]],
		       [[49.85923471774692, 37.88293965160438],[49.816720843571765, 37.86097292465739],[49.77949053732968, 37.88019381073599],[49.76352592833392, 37.96256903678715]],
		       [[49.683623991698084, 38.00924833154949],[49.537686652219996, 38.12182780715277]],
		       [[50.014799234787844, 38.00101080894438],[49.99714673955339, 38.031215058496485],[50.00773901463687, 38.09986108020578],[49.928240054369226, 38.20694887407233],[49.89463439573421, 38.17674462452023],[49.79722282465156, 38.256374009703045],[49.66762782262194, 38.234407282756045],[49.46276900271559, 38.20694887407233],[49.09365366582339, 38.23166144188768]],
		       [[49.01445529346132, 38.259119850571395],[48.9549736980887, 38.31403666793885]],
		       [[48.91166975698412, 38.349732599227686],[48.76162064203734, 38.37444516704303],[48.709087869182135, 38.30305330446534],[48.56206753526866, 38.27834073664999],[48.46563710044979, 38.165761261046754]],
		       [[48.66557095325139, 37.95707735505044],[48.72358515157852, 38.04769010370672],[48.70727541512677, 38.146540374968126],[48.72902055540814, 38.256374009703045],[48.828565527993234, 38.379936848779785],[48.83760528293373, 38.522720573935175]],
		       [[48.31425453625818, 37.94334815070856],[48.20271028869975, 37.946093991576916],[48.17158081783164, 38.01199417241789],[48.122101028190805, 37.96256903678715],[48.101928918768664, 37.795072743816455]],
		       [[48.057889555610984, 37.71544335863365],[48.00646264573117, 37.646797336924315]],
		       [[47.91634204016118, 37.57540547434666],[47.82790816919329, 37.624830609977366],[47.719001413201916, 37.50675945263733],[47.71530566159559, 37.40516334050756]],
		       [[47.76886840424207, 37.60286388303037],[47.657987988142274, 37.51774281611085],[47.58764167941513, 37.29258386490429],[47.645036570200254, 36.9026744615954],[47.60616304386874, 36.59239444346928],[47.51349065484327, 36.38920221920972],[47.5153457091302, 36.17228079060833],[47.45037978769006, 36.06793883761017],[47.44852243794931, 35.9333926350599],[47.381614160856806, 35.68901279777476],[47.43366127871628, 35.370495257043565]],
		       [[47.26804770458176, 35.642333503012416],[47.22329888685773, 35.634095980407295],[47.22143353240336, 35.743929615142214],[47.277365616965646, 35.765896342089164],[47.286681888764214, 35.65880854822265]],
		       [[47.2549998709802, 35.57643332217148],[47.320206883852414, 35.3128325988077],[47.36301344013392, 35.13709878323189],[47.416937456635445, 35.164557191915605]],
		       [[47.22143353240336, 35.51877066393566],[46.976504510552, 35.3869703022538]],
		       [[46.91275095637894, 35.39246198399051],[46.87145819560722, 35.74942129687893]],
		       [[47.307171912070814, 35.206855353716726],[47.28947645039601, 35.17390526329626],[47.23915174981453, 35.17939694503301],[47.32579231609051, 35.057207026390444],[47.304378285521565, 34.902067017327404]],
		       [[47.311827628230446, 35.73268388001006],[47.31462086107463, 35.819177867363805],[47.34068391504697, 35.901553093414975],[47.31741394628156, 35.90979061602009],[47.32672316405059, 35.9894200012029],[47.354640975385344, 35.99491168293966],[47.354640975385344, 35.92077397949357],[47.33975331313596, 35.901553093414975]],
		       [[47.36673410912714, 35.96894218668042],[47.38998234483188, 36.032096526653],[47.42530003183073, 36.07465706011276]],
		       [[47.431803338643334, 36.148794763558854],[47.39927876897189, 36.231169989610024],[47.47173459547315, 36.45632894081657],[47.46616461230112, 36.57302717772239],[47.48658499815577, 36.632062756392386]],
		       [[47.475911695481756, 35.50691703185145],[47.47916032149417, 35.56183384921891],[47.47916032149417, 35.56183384921891]],
		       [[47.499111760583766, 35.49593366837798],[47.491224888201955, 35.63597155266496]],
		       [[47.51024415204361, 35.5213326964104],[47.51024415204361, 35.5906651783368]],
		       [[47.498183954727466, 35.2941143645526],[47.51488195170639, 35.38610003364306]],
		       [[45.964515414762964, 33.763458679891556],[45.838367585245855, 34.02980524412369],[45.87853662114514, 34.254964195330246],[45.7387765043515, 34.411477124827464],[45.80199916666154, 34.57073589519308]],
