{
    "GERD": [11.216429713369354, 35.09365978103543],
    "Egypt": [23.9086775209387, 30.38363371719125],
    "Eritrea": [15.469051690150105, 38.779374714657386],
    "Ethiopia": [8.682942879232368, 39.55062761275624],
    "Khartoum": [15.4960890320294, 32.51584723146853],
    "Sudan": [16.191794830836567, 30.05915570572505],
    "South Sudan Border": [[9.513444289731723, 34.116417746084025], [9.513444289731723, 33.91300118013162], [9.953387759476026, 34.055392776298305], [10.173359494348178, 33.97402614991734], [10.598638181767669, 33.64855964439351], [10.715956440366151, 33.26206816908395], [11.067911216161592, 33.24172651248871], [11.449195556606654, 33.11967657291727], [12.065116414248678, 33.28240982567919], [12.094445978898298, 32.773868410798194], [11.859809461701337, 32.773868410798194], [11.830479897051717, 32.10259374315528], [11.595843379854756, 32.34669362229816], [10.950592957563112, 32.42806024867912], [10.657297311066909, 32.000885460179084], [9.704086459954254, 31.28892747934569], [9.704086459954254, 30.882094347440894], [10.173359494348178, 29.98706145725034], [10.070706018074507, 29.580228325345548], [9.704086459954254, 29.43783672917887], [9.718751242279065, 29.071686910464553], [9.352131684158813, 28.664853778559756], [9.366796466483622, 28.05460408070256], [9.542773854381345, 27.912212484535882], [9.630762548330205, 27.03752125094057], [9.484114725082103, 26.712054745416737], [9.601432983680585, 26.2848799569167], [9.938722977151215, 26.12214670415478], [10.173359494348178, 25.939071794797623], [10.437325576194759, 25.817021855226184], [10.334672099921088, 25.10506387439279], [10.173359494348178, 25.04403890460707], [9.924058194826406, 24.881305651845153], [9.777410371578306, 24.23037264079748], [9.718751242279065, 23.701489569321247]],
    "South Sudan": [6.641934008520207, 30.48634103370568]
}


