{
    "qandil": [36.5414427151871, 44.987436019006175],
    "sinjar": [36.32524432885217, 41.86789051370315],
    "makhmur": [35.78029715576356, 43.59281773906229],
    "zap": [37.19990056842373, 44.17304942553803],
    "metina": [37.18293247699957, 43.634254424076744],
    "avasin": [37.20313649934148, 43.95635245435374],
    "talrifat": [36.492564452607056, 37.09068544984431],
    "manbij": [36.530728484331455, 37.97520344562287],
    "duhok":
	[[37.37741376278119, 42.78591622403451],
	 [37.14701370561303, 42.55993934320103],
	 [37.11778251320408, 42.36497702530872],
	 [36.84311156413709, 42.512913104488945],
	 [36.70587881171672, 42.8588294512565],
	 [36.76355703020821, 43.107246110900775],
	 [36.95384001857123, 43.27948515857677],
	 [36.93306184090782, 43.37043010784507],
	 [36.84704519500037, 43.36911568239608],
	 [36.82075563055354, 43.62991283833775],
	 [36.84651899895533, 43.68435585254923],
	 [36.94902534423285, 43.694648666659795],
	 [36.96665623479294, 43.61184060521401],
	 [37.05873644835155, 43.65935879299229],
	 [37.01651274451691, 43.841720627527515],
	 [37.21774025783208, 44.113865990486524],
	 [37.317922114522155, 44.06624462919929],
	 [37.32862821517373, 44.01624080003713],
	 [37.2305752395681, 43.92591641842623],
	 [37.23935715511484, 43.50032786869588],
	 [37.37183561180597, 43.13568909853094],
	 [37.32366228249042, 42.935213060685946]],
    "erbil":
	[[36.98180796468449, 44.28406846080478],
	 [37.16202442079069, 44.23866733912608],
	 [37.273748387550135, 44.246877406118664],
	 [37.31416180978277, 44.0764292786113],
	 [37.19726260983405, 44.105019211108385],
	 [37.01485213226014, 43.822132900175184],
	 [36.75362636932086, 44.279863876919016],
	 [36.59986085420594, 44.12573729782921],
	 [36.57215391932022, 43.968023260004124],
	 [36.33135246059108, 43.73583854272338],
	 [36.075558872365804, 43.51720034592805],
	 [35.99872188624431, 43.330800863850925],
	 [35.940448537751706, 43.34850776000681],
	 [35.92559218451983, 43.42631046940292],
	 [35.85288645826967, 43.407945179037924],
	 [35.78521854974509, 43.33582061333198],
	 [35.55679259497308, 43.3944658850724],
	 [35.45954586158546, 43.411864438003306],
	 [35.429766111774846, 43.536818928851666],
	 [35.55952986177233, 43.7584770697411],
	 [35.69067363183711, 43.75967487860076],
	 [35.84462615026001, 43.93485156439887],
	 [35.77024590836146, 44.09569765998759],
	 [35.82334613146852, 44.126379909884044],
	 [35.88441058282057, 44.956830622645704],
	 [36.11729706381827, 44.68474235110789],
	 [36.11333003955449, 44.624344050621396],
	 [36.20055187238825, 44.638228434600364],
	 [36.19966488341459, 44.69859235459148],
	 [36.2640106970463, 44.61540598129626],
	 [36.26460006201898, 44.573134046564114],
	 [36.34283811458562, 44.5324293404266],
	 [36.45300130720696, 44.64366527294103],
	 [36.46750733269698, 44.96536757871803],
	 [36.64541174014358, 45.079672667602125],
	 [36.77871050886018, 44.95547436671813],
	 [36.78543930292111, 44.83380204203464],
	 [36.86207424646689, 44.90896949721387],
	 [37.02264814943249, 44.90115326357036],
	 [37.160616067238166, 44.776432422871466],
	 [37.182217398316006, 44.611784526537015],
	 [37.05882090959717, 44.35258481762539]],
     "suleymaniah":
	[[36.45455911042938, 44.803995102326226],
	 [36.44781987868592, 44.650038455167845],
	 [36.33356471339933, 44.507402214800706],
	 [36.260749887118926, 44.65396450233954],
	 [36.19188828695074, 44.710426560972486],
	 [36.11580478569075, 44.620277012339095],
	 [35.8932886562355, 44.93049054397517],
	 [35.88295494774333, 44.64297837937425],
	 [35.730174071843464, 44.6800156967614],
	 [35.69554358421364, 44.75978401717759],
	 [35.50096468051159, 44.71190885198691],
	 [35.27278720954562, 44.709314070884076],
	 [35.119179337910886, 44.543960368639816],
	 [35.026620755789864, 44.63308500985542],
	 [35.01403533549558, 44.92453867002067],
	 [34.844414215646026, 44.956314435352155],
	 [34.68445779507662, 45.25060680597178],
	 [34.52928157283615, 45.22630068779988],
	 [34.667541299034816, 45.42070375357223],
	 [34.979921695567924, 45.62295505662033],
	 [35.08982378301465, 45.75036722604543],
	 [34.86883459716199, 45.76685553586816],
	 [34.96481191496583, 45.88627712346323],
	 [35.10015629364633, 45.925967315341474],
	 [35.07905850721347, 46.120247046205805],
	 [35.171378617381066, 46.197804965892175],
	 [35.241970341027084, 46.118130808176396],
	 [35.315407165700016, 46.14792200163771],
	 [35.49142957441995, 45.98869985183765],
	 [35.67271762066166, 46.01304953209057],
	 [35.698491206589324, 46.146624943925744],
	 [35.758556315941384, 46.30963563435218],
	 [35.839686573509155, 46.301676411743095],
	 [35.845417560484854, 46.111015890298255],
	 [35.83208909910468, 45.853589300702055],
	 [35.84440316875514, 45.74427348617662],
	 [35.980320541580525, 45.583839516884595],
	 [35.9907936886361, 45.384653628764646],
	 [36.010292608619636, 45.32814282309054],
	 [36.10170977108932, 45.36697564757271],
	 [36.29337455671026, 45.26953245153537],
	 [36.438751375864406, 45.24253407392292],
	 [36.416593503295644, 45.090306246443724],
	 [36.523885089138545, 45.024598809235385],
	 [36.4629957959854, 44.9528911500266]]
}
