{
    "Sirte": [31.287820948271644, 16.586034606733772],
    "Tripoli": [32.917430463912055, 13.172736926307225],
    "Ghadamis": [30.149191373818464, 9.503495480555502],
    "westgov": [[33.2251687745214, 10.989999137732733],
		[33.07736850277553, 11.484826679935084],
		[32.929568231029656, 12.007144641148678],
		[32.90000817668048, 12.776876373463447],
		[32.66352774188708, 13.326684753688282],
		[32.66352774188708, 14.23386858105926],
		[32.545287524490384, 14.866148218317822],
		[32.279247035347815, 15.223523665463965],
		[31.86540627445937, 15.305994922497689],
		[31.451565513570927, 15.7733320456888],
		[31.303765241825054, 16.29565000690239],
		[30.978604643984138, 16.158197911846184],
		[30.80124431788909, 16.37812126393612],
		[30.47608372004817, 16.40561168294736],
		[29.973562796112205, 15.80082246470004],
		[29.76664241566798, 14.866148218317822],
		[29.61884214392211, 14.618734447216646],
		[29.02764105693862, 14.343830257104228],
		[28.791160622145224, 14.453791933149194],
		[28.554680187351828, 14.563753609194162],
		[28.406879915605955, 14.096416486003053],
		[27.96347910036834, 13.903983552924359],
		[27.90435899166999, 13.711550619845667],
		[28.347759806907607, 13.299194334677042],
		[28.938960893891096, 13.106761401598348],
		[29.707522306969633, 12.914328468519656],
		[30.298723393953125, 13.13425182060959],
		[30.74212420919074, 12.556953021373513],
		[31.00816469833331, 11.73224045103626],
		[30.949044589634962, 10.907527880699007],
		[30.978604643984138, 9.945363215305544],
		[31.037724752682486, 9.642968606181885],
		[31.569805730967627, 9.478026092114435],
		[31.747166057062675, 9.642968606181885],
		[31.86540627445937, 9.807911120249337],
		[31.98364649185607, 10.02783447233927],
		[32.33836714404616, 10.522662014541623],
		[32.42704730709369, 10.880037461687765],
		[32.545287524490384, 11.017489556743975],
		[32.78176795928378, 10.825056623665281],
		[33.284288883219745, 10.989999137732733]],
    "haftar": [[24.4162725784674, 25.4486372775832],
		[24.09111198062648, 23.91049607301636],
		[23.972871763229783, 21.738752971128264],
		[24.20935219802318, 19.099672746049052],
		[24.56407285021327, 16.87294880613847],
		[24.56407285021327, 15.058581151396513],
		[24.711873121959144, 14.096416486003053],
		[25.303074208942636, 14.756186542272854],
		[25.864715241576953, 15.223523665463965],
		[26.367236165512917, 14.97610989436279],
		[26.278556002465393, 13.876493133913117],
		[26.39679621986209, 13.519117686766975],
		[26.426356274211265, 12.83185721148593],
		[26.426356274211265, 12.474481764339787],
		[26.810636980750534, 12.419500926317305],
		[26.603716600306313, 11.512317098946326],
		[26.426356274211265, 10.989999137732733],
		[26.45591632856044, 10.550152433552864],
		[26.160315785068697, 10.550152433552864],
		[25.98295545897365, 10.880037461687765],
		[25.155273937196764, 10.825056623665281],
		[24.711873121959144, 10.935018299710249],
		[25.037033719800064, 9.807911120249337],
		[25.65779486113273, 9.313083578046985],
		[25.9238353502753, 9.23061232101326],
		[26.574156545957138, 10.1],
		[26.78107692640136, 10.1],
		[27.194917687289802, 10.1],
		[27.520078285130722, 10.1],
		[27.815678828622467, 10.1],
		[28.081719317765035, 10.1],
		[28.49556007865348, 10.1],
		[29.205001383033668, 10.1],
		[29.76664241566798, 9.5],
		[30.239603285254773, 9.5],
		[30.505643774397345, 9.5],
		[30.949044589634962, 9.670459025193129],
		[30.949044589634962, 10.412700338496656],
		[31.00816469833331, 11.402355422901358],
		[30.949044589634962, 11.89718296510371],
		[30.74212420919074, 12.556953021373513],
		[30.41696361134982, 13.079270982587106],
		[30.032682904810553, 13.106761401598348],
		[29.648402198271285, 12.941818887530898],
		[29.02764105693862, 13.024290144564622],
		[28.199959535161735, 13.409156010722008],
		[27.845238882971643, 13.9314739719356],
		[28.229519589510907, 14.013945228969327],
		[28.406879915605955, 14.453791933149194],
		[28.406879915605955, 14.453791933149194],
		[28.791160622145224, 14.508772771171678],
		[28.8207206764944, 14.37132067611547],
		[29.61884214392211, 14.508772771171678],
		[29.796202470017157, 15.251014084475205],
		[30.0918030135089, 15.965764978767492],
		[30.387403557000646, 16.29565000690239],
		[30.860364426587438, 16.350630844924876],
		[30.889924480936614, 16.130707492834944],
		[31.274205187475882, 16.323140425913635],
		[31.12640491573001, 16.817967968115987],
		[31.12640491573001, 17.697661376475722],
		[30.712564154841566, 18.632335622857944],
		[30.357843502651473, 19.51202903121768],
		[30.712564154841566, 20.226779925509966],
		[31.096844861380834, 20.4467032775999],
		[31.747166057062675, 20.30925118254369],
		[32.07232665490359, 20.30925118254369],
		[32.693087796236256, 20.996511657824733],
		[32.959128285378824, 22.01365716124068],
		[32.929568231029656, 22.75589847454421],
		[32.72264785058543, 23.470649368836494],
		[32.66352774188708, 23.66308230191519],
		[32.22012692664946, 24.02045774906133],
		[32.30880708969699, 25.01011283346603]]
}    
