{
    "Besat npp": [35.67965724094502, 51.3361479287518],
    "Bushehr npp": [28.829622222222223,50.88596111111111],
    "Darkhovin npp": [30.825766372470145, 48.39848382304149],
    "Bonab Atomic Energy Research Center": [37.422467, 46.012474],
    "Rudan Nuclear Research Center": [28.931623, 53.621993],
    "Ardekan Nuclear Fuel Unit": [32.329933, 54.007244],
    "Natanz Enrichment Plant": [33.722305, 51.727839],
    "Isfahan Nuclear Fuel Research and Production Center": [32.767646, 51.869116]
}
