{
    "imec":
    [[37.71327518989217, 23.77444762238631],
     [32.792646179816636, 35.06281863487707],
     [31.70442973412353, 38.09803551945196],
     [25.237767481724887, 46.42120145963876],
     [24.145772161615245, 51.6592332556243],
     [23.463727394783668, 52.22806141790861],
     [25.523902979618633, 56.22834272249452],
     [19.05724072721999, 73.32631926628909]],
    "IDR":
    [[18.961342270274542, 72.8196574037381],
     [25.56591565649599, 57.03391565907754],
     [26.70471484458465, 56.50326490878087],
     [25.611884262302112, 53.83126133475998],
     [33.52620426527321, 43.07882761172093],
     [36.34298344829718, 43.30965170068155],
     [36.78719803677126, 42.17107134376319],
     [37.15468762749931, 42.42300299413674],
     [37.66485357532748, 37.76021206497334],
     [39.574999410737135, 37.32603936727966],
     [39.37513757796827, 33.39043300424928]
     ],
    "BRI1":
    [[39.90526210941559, 116.41102800648528],
     [39.81690802084103, 111.06541807861464],
     [40.96551117231023, 108.11987791427775],
     [40.347032552288354, 103.75611470785273],
     [41.053865260884784, 99.17416334110646],
     [41.84905205805576, 95.68315277596645],
     [43.88119609527048, 93.06489485211144],
     [43.35107156382317, 88.04656716472266],
     [44.4113206267178, 86.30106188215265],
     [45.559923778187, 81.61001643524575],
     [47.503713726827165, 79.75541707251512],
     [47.41535963825261, 75.3916538660901],
     [48.5639627897218, 72.88249002239571],
     [51.30293953553296, 72.66430186207447],
     [52.09812633270393, 70.37332617870133],
     [54.837103078515085, 62.627646487296914],
     [52.89331312987491, 61.97308200633316],
     [51.47964771268206, 58.15478920071128],
     [50.50775273836197, 53.572837833964996],
     [49.27079549831823, 51.17276807043123],
     [47.32700554967806, 51.93642663155562],
     [45.38321560103789, 52.2637088720375],
     [40.41874530528915, 49.86263033755983],
     [40.96551117231023, 46.37262854336372],
     [40.600553670202956, 43.095267125656164],
     [40.78880299516112, 39.281513332923055],
     [39.37513757796827, 33.39043300424928],
     [40.43538664086291, 31.644927721679274],
     [41.00608724179811, 28.960026607689187],
     [40.96551117231023, 25.208376992202368],
     [42.02576023520487, 22.590119068347356],
     [42.99765520952495, 19.86276706433172],
     [45.02979924673967, 17.353603220637332],
     [48.29890052399814, 17.789979541279834],
     [49.8892741183401, 14.189874895979191],
     [53.68849992704589, 14.080780815818564],
     [52.36318859842759, 9.280641288751042],
     [51.921418155554825, 4.48050176168352],
     [51.50188033026374, -0.11415406045016716]],
    "BRI2":
    [[40.96551117231023, 46.37262854336372],
     [40.41874530528915, 49.86263033755983],
     [38.49601439665147, 53.71657665579826],
     [43.71994988362192, 63.030852310593275],
     [43.909911174057214, 68.40447288066734],
     [45.23964020710424, 72.16600727971917],
     [48.5639627897218, 72.88249002239571]],
    "Zenzagur":
    [[40.600553670202956, 43.095267125656164],
    [39.90852414977188, 44.123499688658065],
    [39.874751279802354, 44.51740153285628],
    [38.94363402702912, 45.63846155072988],
    [38.89837563132212, 46.03689560615912],
    [38.863480572383224, 46.188344990397944],
    [38.94232847933893, 46.36685702980064],
    [38.889684115926364, 46.505589448381066],
    [39.025008433800714, 46.71570963040797],
    [39.45472428542802, 47.350795755668884],
    [40.00027465672857, 48.463847535840365],
    [40.07650586348774, 49.06612034730958],
    [40.41874530528915, 49.86263033755983]],
    "INTSC":
    [[18.97299175065634, 72.84027237184534],
     [27.236945337255907, 56.16850316282899],
     [28.55236948241329, 54.5294206644745],
     [31.827898642304376, 55.647640616069665],
     [36.092266793860695, 49.49743088229626],
     [40.41141669381177, 49.864658230641],
     [46.166064021450254, 47.12121348515653],
     [53.45875158498136, 42.788111172725266],
     [59.94800746778445, 30.34791421122904]],
    "Traditional Route":
    [[38.91994677465769, 121.61704139138128],
     [37.90407477906054, 123.14486443902878],
     [36.583441184784235, 123.39950161363667],
     [34.450109994030214, 123.90877596285252],
     [31.199319608119314, 123.39950161363667],
     [29.269162816484723, 122.50827150250898],
     [24.60199018618141, 119.55247784420348],
     [18.6025068627146, 114.2325633277518],
     [5.029286545925598, 107.8092208726897],
     [1.181739810926971, 103.8422156787811],
     [6.12467669907038, 95.33542850597446],
     [5.55515065669475, 91.91247241982617],
     [3.236333960632374, 78.7980119259232],
     [14.437431680766267, 69.798376358671],
     [16.46917567196057, 60.88607524739406],
     [13.601614367879762, 53.76428833616488],
     [12.267078397723342, 43.60632884522439],
     [15.912931904276872, 41.15525599311277],
     [20.8380401562002, 38.22332567143908],
     [25.554177651137515, 35.532877118642034],
     [31.402494007238744, 30.83888864366034],
     [33.23106359931363, 32.1120745166999],
     [34.450109994030214, 21.671950357775472], 
     [36.3682576177971, 14.770828425087489],
     [37.7009003799411, 10.467914675027302],
     [37.49772598082167, 2.192206500270135],
     [36.17709238654537, -4.555678626839558],
     [37.19296438214253, -9.393784944389903],
     [42.78026035792688, -9.521103531693857],
     [46.64057394119607, -7.356687547526597],
     [48.469143533270945, -5.064952976055384],
     [50.09453872622639, 0.40974627801474384],
     [51.92310831830127, 4.483941071741352]]    
}
