{ "FAult Line 1": 
    [[40.584822097155644, 26.617881814452986],
     [40.840982023227724, 27.480378274598763],
     [40.92030585713611, 28.22597845316552],
     [40.89534193100814, 28.834257544982716],
     [40.73348887675854, 29.28802839798469],
     [40.736510813151476, 30.086095162813557],
     [40.614890872342585, 30.636734201205606],
     [40.63187381287928, 30.675434163822672],
     [40.765963994023565, 31.070520941194445],
     [40.7526420767618, 31.493842180200218]],
  "Fault Line 2": [[40.604219970498086, 28.751967554103608],
      [40.72767424438543, 29.303371494400192]]
}
